Company,Role,Apply URL,Location,Stipend (₹/month),Duration,Deadline,Status,How to Apply,Notes
Google India,Research Scientist Intern PhD 2026,https://www.google.com/about/careers/applications/jobs/results/?q=intern&location=India,"Bengaluru",80K-1.2L,12 weeks,,Open,Career portal,PhD only; STEP/SWE undergrad roles open Aug-Oct
Microsoft India,SWE Intern / Explore,https://careers.microsoft.com/v2/global/en/home.html,"Hyderabad, Bangalore, Noida",60K-80K,10-12 weeks,Oct-Dec,Upcoming (Aug-Oct),Career portal + on-campus,Explore for 2nd yr; SWE Intern for 3rd yr
Amazon India,SDE Intern,https://www.amazon.jobs/en/search?category=software-development&country=IND&is_intern=1,"Bangalore, Hyderabad",60K-80K,8-12 weeks,Aug-Nov,Upcoming,Career portal + on-campus,LP + DSA focus
Flipkart,SDE Intern,https://www.flipkartcareers.com/,Bangalore,50K-70K,8-10 weeks,Jul-Oct,Upcoming,On-campus + portal,Grid challenges for selection
Goldman Sachs India,Summer Analyst (Engineering),https://www.goldmansachs.com/careers/students/,Bangalore,80K-1L,8-10 weeks,Nov-Jan,Upcoming (Sep-Nov),Career portal + on-campus,Quant + coding focus
JP Morgan India,Tech Intern (SEP),https://www.jpmorganchase.com/careers/explore-opportunities/programs,"Mumbai, Bangalore, Hyderabad",50K-70K,10 weeks,Jul-Oct,Upcoming,Career portal,Code for Good hackathon = hiring pipeline
Adobe India,Research/SDE Intern,https://careers.adobe.com/us/en/search-results?keywords=intern&location=India,"Bangalore, Noida",60K-80K,8-12 weeks,Rolling,Check portal,Career portal + on-campus,Women-in-Tech scholarship; ML/CV/NLP research
Cisco India,Intern,https://careers.cisco.com/global/en,Bangalore,30K-50K,8-12 weeks,Rolling,Check portal,Career portal,Networking/security/software
Samsung R&D India,Intern,https://sec.wd3.myworkdayjobs.com/en-US/Samsung_Careers,Bangalore,30K-50K,2-6 months,Rolling,Check portal,Workday portal or email careers.srib@samsung.com,PRISM internship program
Qualcomm India,Engineering Intern,https://www.qualcomm.com/company/careers,"Hyderabad, Bangalore, Chennai",40K-60K,8-12 weeks,Rolling,Check portal,Career portal,Embedded systems/firmware/ML on edge
Nvidia India,Intern,https://nvidia.wd5.myworkdayjobs.com/NVIDIAExternalCareerSite,"Bangalore, Pune",50K-80K,12+ weeks,Rolling,Check portal,Workday portal,GPU/CUDA/deep learning/driver dev
Intel India,Intern,https://jobs.intel.com/en/search-jobs?k=intern&l=India,"Bangalore, Hyderabad",30K-50K,6-12 months,Rolling,Check portal,Intel Jobs portal,Hardware/firmware/software/ML
IBM India,Intern,https://www.ibm.com/careers/search?query=intern&location=India,"Bangalore, Hyderabad, Pune",20K-40K,6-12 months,Rolling,Check portal,IBM Careers portal,Cloud/AI/consulting/research
Uber India,SDE Intern,https://www.uber.com/global/en/careers/list/?query=intern&location=IND,Bangalore,80K-1L,8-12 weeks,Aug-Nov,Upcoming,Career portal + on-campus,Systems design + DSA
PhonePe,SDE Intern,https://www.phonepe.com/careers/,Bangalore,50K-70K,8-10 weeks,,Upcoming,Career portal + on-campus,Fintech; DSA + system design
Razorpay,SDE Intern,https://razorpay.com/careers/,"Bangalore (remote-friendly)",50K-75K,8-10 weeks,Periodic,Check portal,Career portal,Fintech
Swiggy,SDE Intern,https://careers.swiggy.com/,Bangalore,50K-80K,8-10 weeks,,Check portal,Career portal + on-campus,Swiggy i internship program
Zomato,SDE Intern,https://www.zomato.com/careers,Gurugram,50K-80K,8-10 weeks,,Check portal,Career portal + on-campus,Engineering + ML roles
CRED,Intern,https://careers.cred.club/,Bangalore,50K-75K,8-10 weeks,,Check portal,Career portal + referrals,Small team; high-impact
Atlassian India,SDE Intern,https://www.atlassian.com/company/careers/all-jobs?team=Internships&location=India,"Bangalore (remote-friendly)",80K-1L,12 weeks,,Closed/Upcoming,Career portal,Join Talent Community for alerts
Oracle India,Intern,https://www.oracle.com/careers/students-grads/,"Bangalore, Hyderabad, Noida",30K-50K,8-12 weeks,Rolling,Check portal,Career portal,Cloud/database/enterprise
SAP Labs India,Intern (iXp),https://jobs.sap.com/search/?q=intern&locationsearch=India,Bangalore,30K-50K,6-12 months,Rolling,Check portal,SAP Jobs portal,iXp internship program
DE Shaw India,Technology Intern,https://www.deshaw.com/careers/internships,Hyderabad,1L-1.5L,8-10 weeks,Aug-Nov,Check portal,Career portal + on-campus,Top campuses; math + algo focus
Tower Research India,Intern,https://www.tower-research.com/careers,Gurugram,1L-1.5L,8-10 weeks,Aug-Nov,Upcoming,On-campus + portal,Quant trading; math/algo/low-latency
Sprinklr,Intern,https://www.sprinklr.com/careers/,Gurugram,40K-60K,8-10 weeks,,Check portal,Career portal + on-campus,CXM platform; full-stack/ML
